Roof_Size [sq ft],Energy_Usage [kWh/yr],State,Income_Group,Region,Primary_Heating_Fuel,Change_in_EB [% points]
2248.3570765056165,14198.066309758007,IL,Moderate,Midwest,Heating Oil,5.937662475919518
1930.867849414408,12773.901048738306,WA,Low,West,Natural Gas,2.5535380443781337
2323.844269050346,10178.891109760523,IL,Low,Midwest,Heating Oil,3.379728804240425
2761.514928204013,8059.189666883278,NY,Moderate,Northeast,Electricity,0.0340192251245308
1882.923312638332,12094.66994084077,NY,Low,Northeast,Heating Oil,5.783962360942388
1882.9315215254096,11180.456156265249,MA,Low,Northeast,Electricity,2.1717042292974864
2789.606407753696,12685.579660083196,NY,Moderate,Northeast,Electricity,3.575609437623326
2383.717364576454,11905.515405045908,IL,High,Midwest,Natural Gas,2.2016863934962965
1765.262807032524,13148.658145958005,FL,Moderate,South,Heating Oil,3.703695988805915
2271.2800217929826,8394.294365318296,AZ,Low,West,Natural Gas,3.6879538634115705
1768.291153593769,13952.182196902975,AZ,Low,West,Heating Oil,5.423681457834194
1767.1351232148716,10592.7988140772,MA,High,Northeast,Other,0.1555266416901014
2120.981135783017,16225.782617875797,TX,Low,South,Natural Gas,8.389933069585636
1043.359877671101,7932.436545731296,AZ,Low,West,Natural Gas,-0.3011415034631439
1137.5410837434836,15207.891409495747,AZ,Moderate,West,Electricity,8.12635173278725
1718.8562353795137,10593.732350387943,NY,Moderate,Northeast,Natural Gas,1.3920927125827662
1493.584439832788,8045.745989156655,NY,Moderate,Northeast,Heating Oil,-2.8305787361427037
2157.123666297637,8548.342497837035,IL,Low,Midwest,Natural Gas,0.8313863414932253
1545.9879622393946,9038.95807541704,MA,Low,Northeast,Natural Gas,0.1489508719402759
1293.8481493323543,11272.49783920575,TX,High,South,Other,2.332824483713864
2732.824384460777,11568.506464106498,MA,Low,Northeast,Electricity,3.6672968697472257
1887.111849756732,8278.899988184263,CA,High,West,Heating Oil,0.6456909615450579
2033.764102343962,9926.936223217052,WA,High,West,Natural Gas,-2.7099272036978004
1287.6259068932716,16426.81107583559,TX,Moderate,South,Electricity,7.372178337258326
1727.8086377374086,15182.629510302131,TX,Low,South,Electricity,8.149972943325407
2055.461294854933,11308.971009022096,FL,Low,South,Electricity,6.0532204248032
1424.5032112888484,10114.0104345046,MA,Moderate,Northeast,Electricity,-0.0143522902408338
2187.849009172836,10360.093980154785,IL,High,Midwest,Electricity,-0.6697710553558303
1699.6806550405977,11840.55391819125,FL,High,South,Natural Gas,2.2549221024554296
1854.1531251033616,6931.622304404784,TX,Low,South,Natural Gas,0.8386085641589137
1699.1466938853016,9227.870387729963,TX,Low,South,Electricity,2.547096433636012
2926.139092254469,4994.247778367232,TX,High,South,Natural Gas,-1.7325981467595777
1993.251387631033,11197.669367815835,AZ,High,West,Electricity,2.7033383535659246
1471.14453552205,11941.587819108225,MA,High,Northeast,Natural Gas,1.5800448873116115
2411.2724560515944,8550.440613101879,WA,Low,West,Electricity,0.8552929523358528
1389.5781750144888,14721.960289870098,WA,Moderate,West,Electricity,4.413025395870003
2104.431797502378,6322.7030109929765,FL,High,South,Natural Gas,0.701503194078275
1020.1649380601124,5606.87535937054,TX,High,South,Natural Gas,-5.77647740139316
1335.9069755507849,10673.355455679915,WA,Moderate,West,Natural Gas,-1.5066733247931734
2098.4306179345617,13141.294907836464,NY,Low,Northeast,Electricity,6.121745808504194
2369.233289997705,15051.783074373605,MA,Moderate,Northeast,Heating Oil,6.111606593074914
2085.6841405949854,8623.34721139318,WA,Low,West,Natural Gas,0.4764779648405305
1942.17585880588,13236.042500293886,IL,Moderate,Midwest,Electricity,3.339237839774532
1849.448152205356,9884.474591497878,MA,High,Northeast,Natural Gas,-0.6764292448589236
1260.7390048162863,9482.11810017754,IL,Moderate,Midwest,Natural Gas,0.6021342219064544
1640.0778958026458,12650.979812460017,WA,High,West,Heating Oil,2.7332640626834284
1769.6806145201062,11956.96863524026,NY,Low,Northeast,Natural Gas,4.358553376167449
2528.561113109458,5270.823529047252,IL,High,Midwest,Natural Gas,-5.0882813005264795
2171.8091447842307,14429.621049177687,AZ,High,West,Natural Gas,5.62208560219328
1118.479922318633,14140.274062442357,WA,Low,West,Natural Gas,1.538155247594194
2162.0419846973973,8123.311895471412,AZ,Low,West,Natural Gas,1.6380150437834526
1807.4588597918416,11187.410600312229,WA,Moderate,West,Natural Gas,2.75903150628157
1661.5389998470207,11482.090558848216,CA,Low,West,Electricity,5.322115074290629
2305.8381444204338,10782.02129747172,CA,High,West,Natural Gas,3.172184323360465
2515.499761247976,8349.08453846374,CA,High,West,Electricity,1.3577837772416377
2465.6400595580994,7985.129896185846,IL,Moderate,Midwest,Natural Gas,-0.7724755272733612
1580.391238388681,9923.337787025665,AZ,Low,West,Natural Gas,3.2888791462048106
1845.3938120743928,13518.187057778094,AZ,Moderate,West,Electricity,6.974852961407495
2165.631715701782,11630.800463783296,AZ,High,West,Other,2.346177107776388
2487.77256356118,8888.157003741682,NY,Low,Northeast,Natural Gas,2.163349818701389
1760.412881077355,12315.096131945034,AZ,Moderate,West,Heating Oil,5.768356765054413
1907.1705116680916,3000.0,NY,Moderate,Northeast,Electricity,-6.600759265627188
1446.8325129969858,13446.29710111631,CA,Moderate,West,Electricity,6.040662739230865
1401.8966879596646,4780.858663665701,CA,Low,West,Electricity,0.3993064840575827
2406.262911197099,8912.677175790603,IL,High,Midwest,Natural Gas,-0.37913979480209103
2678.120014285412,6640.990316121568,WA,Low,West,Natural Gas,0.3905373946977143
1963.994939209833,6115.955572837283,CA,Low,West,Electricity,-0.6941116324044421
2501.766448946012,13482.48036213556,WA,High,West,Natural Gas,4.667264422629635
2180.818012523817,8596.896396064327,WA,High,West,Heating Oil,-0.5811959539057359
1677.4401226974378,11039.511645192148,MA,Low,Northeast,Natural Gas,2.589234230857162
2180.697802754207,9859.238263362447,IL,Low,Midwest,Natural Gas,1.2009385491620042
2769.0182832329847,11431.122481669365,TX,Low,South,Electricity,7.175520819460786
1982.086980445024,10230.465673180766,TX,Low,South,Natural Gas,5.656835572788451
2782.321827907004,6151.023327434292,FL,Low,South,Electricity,2.1643027477628256
690.1274479551278,12988.80045834142,MA,Low,Northeast,Electricity,3.331042543323517
2410.951252187612,8518.730250516062,IL,Moderate,Midwest,Heating Oil,0.103620784878658
2043.5235341190853,5330.2543040207465,FL,High,South,Electricity,-1.8327983883173726
1850.4963247670664,8715.654517102263,FL,Moderate,South,Electricity,1.695915004852921
2045.8803882677512,14502.279371902932,MA,High,Northeast,Electricity,3.6431294187512027
1006.2155426995536,12550.66522634048,TX,Low,South,Heating Oil,4.8816173165384615
1890.164056081244,8954.043596776422,IL,High,Midwest,Natural Gas,-2.2573249545014
2178.556285755873,8952.226887044713,TX,High,South,Natural Gas,0.6764591836716684
2738.947022370758,9035.094846347853,FL,High,South,Natural Gas,2.7023171983817424
1740.8648908631762,16230.243950682525,IL,High,Midwest,Natural Gas,6.009218005789001
1595.7531985534065,11145.80635669466,FL,High,South,Electricity,1.1480802887243435
1749.1214782077318,11290.124941573207,AZ,Moderate,West,Electricity,4.842353669171551
2457.701058851037,13090.850362095529,MA,Low,Northeast,Electricity,6.578258758098073
2164.3755548298423,10716.36747707954,WA,Moderate,West,Natural Gas,1.3403901511283411
1735.1198981164807,9222.87356253789,IL,High,Midwest,Electricity,-2.8444714376783238
2256.633716556678,9410.950452745064,IL,High,Midwest,Natural Gas,-0.22068669322301102
2048.5387746740203,9785.196221757808,WA,Moderate,West,Electricity,0.4363300572446879
2484.3224952664445,9888.333290470477,FL,Low,South,Electricity,4.970118738056386
1648.973453061324,12182.88863091094,AZ,Moderate,West,Natural Gas,4.117718875878022
1836.168926701116,10155.837657421898,NY,High,Northeast,Natural Gas,-2.17928134992088
1803.9459234339213,12197.920231646738,WA,Moderate,West,Natural Gas,2.417465140213422
1268.242525933941,9757.850259674253,MA,Moderate,Northeast,Heating Oil,-1.011283799526179
2148.060138532288,10235.90557094827,TX,Low,South,Heating Oil,5.165686872786907
2130.5276360899447,4005.3979464036775,FL,Moderate,South,Electricity,-3.4317464560274824
2002.5567283212304,12748.983024107443,WA,High,West,Natural Gas,4.432771154122472
1882.7064333124265,11039.465427693978,WA,High,West,Natural Gas,-1.106762256332926
1292.3146289747929,12994.030329578956,IL,High,Midwest,Electricity,2.8898270853311665
1789.6773386173204,3000.0,TX,Moderate,South,Electricity,-4.644964293643464
1828.6427417366156,16265.124114342185,TX,Moderate,South,Natural Gas,9.78199447015897
1598.8613653891905,9581.23111553448,MA,Low,Northeast,Natural Gas,0.8587553303715939
1919.3571441669956,13324.54845021255,TX,High,South,Electricity,6.30281827457201
2202.0254284072694,6880.282218623408,WA,Moderate,West,Natural Gas,-2.1030288891148645
2943.0929506052653,11838.321715187709,NY,Moderate,Northeast,Natural Gas,3.625887191220427
2087.2889064159194,6839.753310479031,CA,Moderate,West,Natural Gas,1.434835410581933
2128.775195361382,8128.693117912585,FL,High,South,Electricity,0.2727628627532076
1962.7770421169164,15742.094061600355,CA,Low,West,Heating Oil,9.889206619458403
1040.6143923504792,9427.95279770996,WA,High,West,Other,-1.2560665035442862
1986.743062275392,10652.298619539168,CA,Low,West,Electricity,3.593829501995516
2030.115104970513,12610.203192066265,WA,Moderate,West,Electricity,4.265924299646547
3231.621056242643,11487.045663917814,CA,Low,West,Natural Gas,7.360393019940209
1903.819517609439,10451.256715430727,TX,Low,South,Electricity,4.126726395005234
2150.7736711668063,11094.883007398676,AZ,Moderate,West,Natural Gas,4.468709315116577
1982.6441151473784,17210.246755714827,TX,Low,South,Electricity,9.67531312456265
1415.660981190234,9827.143608899243,TX,Moderate,South,Natural Gas,0.8796285284592765
2571.4114072575103,10603.297140144903,MA,High,Northeast,Natural Gas,3.097192847073064
2375.966516343387,13151.963188022835,IL,Low,Midwest,Natural Gas,6.790087409294408
2395.5159735215234,13316.577798873952,IL,High,Midwest,Natural Gas,4.044970168589764
1545.3062726026303,13561.09091668114,CA,Moderate,West,Natural Gas,5.894826920399295
2701.3971554680497,11916.190666087554,WA,Moderate,West,Natural Gas,4.024742471387196
1299.0744686038595,6570.98526180855,MA,Low,Northeast,Other,-1.474282415155749
2293.428546900135,14900.294596903288,TX,Low,South,Natural Gas,9.286799112909396
3095.227812904989,6560.963820943936,MA,Low,Northeast,Electricity,0.9832615388887622
1504.7318374346555,10907.9063957171,CA,Low,West,Heating Oil,5.0634002147284765
1716.851135198614,7737.172449941926,IL,Low,Midwest,Other,-1.606496764506753
2049.8256825438207,9807.584960221022,AZ,High,West,Electricity,3.466025509805557
1748.2621729419004,10986.28723091044,FL,High,South,Heating Oil,0.9523501670508644
1224.6682844669335,10964.07164635082,CA,High,West,Natural Gas,3.0430503463974863
2034.2814874030137,11265.762262705854,MA,High,Northeast,Natural Gas,0.9616496535599062
1468.8481431369476,14841.133807175942,AZ,Low,West,Natural Gas,7.536131345624556
2236.796215317591,11360.60290454194,FL,Low,South,Electricity,3.944185163994179
1540.2878828830983,9267.530094128057,NY,Low,Northeast,Electricity,-0.106688857483441
2774.96720250877,12892.261504865071,CA,Low,West,Natural Gas,7.4023893788557285
1608.3733538318816,13568.41146677392,CA,Moderate,West,Natural Gas,5.177511829064212
1838.9692418971624,6317.176554589023,NY,Moderate,Northeast,Electricity,-3.1421959274055333
2406.758608684835,11792.200209549574,NY,Moderate,Northeast,Natural Gas,4.563509041392149
1384.5678417830222,12103.518226932694,CA,Moderate,West,Electricity,4.080257261899364
2113.729967302065,9107.309489920024,NY,High,Northeast,Electricity,-0.35755392207473247
2653.571377141214,14127.120439934855,TX,High,South,Electricity,6.338743805371722
1196.2583827193862,9549.83323890242,FL,Low,South,Electricity,1.0615959147384622
2092.3169292661523,10376.729360414629,FL,High,South,Heating Oil,4.360088237298244
2129.941397124212,9480.784527148391,FL,High,South,Natural Gas,1.0054662866335675
2390.9114358886554,10046.737142744403,TX,Low,South,Electricity,6.484768266579009
1381.5246445609591,6711.174739314394,WA,Moderate,West,Electricity,-3.7688371704445545
1339.7716934578618,5679.847352217117,NY,Moderate,Northeast,Natural Gas,-4.638321324723655
2260.970782808449,14783.515189674916,AZ,High,West,Natural Gas,8.375821915521744
2148.492336616593,7459.115955045017,NY,High,Northeast,Natural Gas,-0.9720069497831408
2125.2464251729384,7025.822951631079,CA,Low,West,Natural Gas,1.165503241697868
2173.224104748488,3539.829659188856,IL,Moderate,Midwest,Electricity,-5.501965184835708
1659.9876392107549,8083.114756931493,MA,Moderate,Northeast,Heating Oil,-1.6528304131692106
2116.1268485805017,6030.730619777505,MA,Moderate,Northeast,Natural Gas,-2.3990581548293735
2146.5362366493405,14926.045480409106,FL,Low,South,Natural Gas,10.110421640577542
1642.824290986816,13029.451268027902,NY,High,Northeast,Other,2.319329708995686
2932.8872555723783,7935.548964466829,AZ,High,West,Natural Gas,2.4202097736347388
2236.9164604558937,16757.307416032927,CA,High,West,Natural Gas,10.869500069215656
1404.3482513986755,12945.296460974783,TX,High,South,Electricity,4.13530257603692
2328.276804316915,9025.505849474132,WA,High,West,Electricity,-0.0062876858872585005
1512.659164886339,3000.0,TX,Moderate,South,Natural Gas,-6.4935924953173885
2393.542301871226,16872.827717772227,AZ,Moderate,West,Natural Gas,8.029182184685615
2579.297789503702,5831.282599709212,CA,Low,West,Natural Gas,1.3782539079467846
1589.6588408241448,5063.803759129324,FL,High,South,Electricity,-3.8517027905032593
2481.6880646221607,13067.71129602892,NY,Low,Northeast,Electricity,5.5163047503585005
2206.390463468249,17319.257219017818,CA,High,West,Natural Gas,9.975568350140662
2411.030079997245,14152.818455531557,MA,Low,Northeast,Electricity,6.914474886329138
2948.396491326974,11691.72736015708,WA,Low,West,Heating Oil,6.716300593444928
1877.3059419985648,11784.263024995858,TX,Low,South,Natural Gas,5.624985777251967
1623.1319178212552,12560.246676340925,WA,Low,West,Natural Gas,3.0595872269132665
1555.2427851872385,12276.785769360296,WA,High,West,Electricity,2.377437578694062
1592.0948575172808,10843.574271908128,AZ,High,West,Natural Gas,1.8106329119964881
1961.449145292948,10312.603311855628,AZ,Moderate,West,Natural Gas,3.7620382861138313
2170.575987408322,9812.220616301433,NY,Low,Northeast,Electricity,1.6759618849252758
2138.3453996650096,7738.106233399971,AZ,Low,West,Heating Oil,1.3649701472325535
2413.591624518012,9157.974769399678,AZ,Low,West,Heating Oil,4.069326248621399
2006.5009459389532,4921.129557413844,CA,Low,West,Electricity,-1.0530399071645642
2726.7670385786587,9704.98111961575,MA,High,Northeast,Electricity,1.6383422321399004
1867.671583381022,7034.226678547248,FL,Low,South,Natural Gas,0.5009240919995488
3360.0845832948094,6689.232048352687,NY,Moderate,Northeast,Electricity,-1.4269585688280915
2312.8336738825037,10539.682453460437,CA,Low,West,Natural Gas,4.732575917637053
1571.421221791859,14176.006859033798,FL,Low,South,Natural Gas,8.11266776976133
1464.553750969444,12754.94981800694,WA,Moderate,West,Electricity,2.38668124070272
2241.2362076215927,5288.498189130469,CA,Moderate,West,Electricity,-1.4754127981408947
1888.2686073370744,7031.115590288988,IL,Low,Midwest,Natural Gas,-0.20597068913092612
2357.000247046046,12822.313563964648,CA,Low,West,Heating Oil,6.824340830797818
2236.6188122867725,7052.537819385071,AZ,Moderate,West,Natural Gas,-1.0170277742842837
1963.5855436715635,9326.100550008929,FL,Low,South,Natural Gas,3.0926405178265606
1576.6031409657976,11650.156297073656,NY,Low,Northeast,Natural Gas,2.319188627756514
1242.5763876570677,7094.966635409094,NY,High,Northeast,Electricity,-5.3861269090300254
1776.7425239664894,10316.12651843788,FL,Moderate,South,Electricity,2.694233110472167
2428.199397161736,5997.923515245387,AZ,Moderate,West,Natural Gas,0.34582795681564293
2107.046872065102,8195.89706814636,TX,Moderate,South,Electricity,1.4007022507087483
1377.130610644006,10959.345802427611,CA,Moderate,West,Natural Gas,3.020588096401862
2086.590462925591,5221.018799404992,AZ,Moderate,West,Electricity,0.2076074237715968
2192.658689864418,11321.424213881195,IL,High,Midwest,Natural Gas,1.3638627320524694
1558.0712818994334,9941.086603219956,MA,High,Northeast,Natural Gas,-0.6644221983365083
2076.862552972764,11657.469863251445,WA,Low,West,Heating Oil,3.3019816065978365
2029.104359223,10671.742402193984,FL,Moderate,South,Natural Gas,2.883591400753012
1428.5148510846884,14092.421289921533,MA,Moderate,Northeast,Natural Gas,3.3645433386731405
2178.893680174141,10375.673507943722,CA,High,West,Electricity,2.2547022967703167
2280.3922631841174,8711.78337662424,NY,Moderate,Northeast,Other,0.6320437005396006
2541.5256215876384,10366.892509096851,WA,Moderate,West,Natural Gas,4.799019538972885
2526.9010260174514,11629.894087109164,MA,Low,Northeast,Natural Gas,3.967652702868226
1311.1653160214546,10146.580210977114,TX,Moderate,South,Natural Gas,1.3522855374045606
1531.0874800424383,10121.775073611649,MA,Low,Northeast,Electricity,1.1208270205852755
2257.51763360433,7894.024936579734,IL,Moderate,Midwest,Natural Gas,-0.195140947501859
2256.8929754561045,8011.2972473471555,NY,Low,Northeast,Electricity,0.7886340102141493
2257.523843153024,5792.184184600919,FL,High,South,Other,-0.4086723351449159
3926.365745327361,15248.730229560815,CA,Low,West,Natural Gas,10.675069649680331
2285.4452553465835,6268.410293826145,FL,Moderate,South,Natural Gas,-2.547629065676361
2567.7828200902995,7921.284406612278,WA,High,West,Natural Gas,-1.439028125217272
2477.0008817466014,7844.778203292408,CA,Low,West,Natural Gas,3.89608015432932
2325.6956256528997,12684.773130833324,AZ,Moderate,West,Heating Oil,4.770516350533526
1842.3653776798271,9115.150965123918,TX,Moderate,South,Natural Gas,-1.2077506192101857
2379.4846102466336,13743.226218021202,AZ,Low,West,Natural Gas,9.073374844733678
1613.587392731214,7979.528127268394,AZ,High,West,Electricity,-0.5496398635664632
1881.590696629996,10836.982486671406,FL,Low,South,Natural Gas,3.509955473131968
1757.3182260854485,7493.958840220728,WA,Moderate,West,Electricity,-2.9769443083293052
2040.9370696931608,16435.447383320163,TX,Moderate,South,Natural Gas,8.54757780307181
3157.329283336754,6437.204742911462,MA,Moderate,Northeast,Heating Oil,-0.13760137294109
1066.367403704126,10929.462130681082,CA,High,West,Heating Oil,0.43588166190632743
2343.1300951872568,11901.330642796296,CA,Low,West,Electricity,7.0816547521463304
1193.642064405174,11241.397292354495,IL,Low,Midwest,Other,-1.2259452417395478
1764.0340671052832,9444.137023366877,NY,High,Northeast,Natural Gas,-1.8846467075503583
2544.475298483683,9610.537900799722,IL,Moderate,Midwest,Natural Gas,0.5734345368560384
2032.1400095477316,10131.434415937329,MA,High,Northeast,Electricity,-0.0606262433397009
1461.127611035347,9558.993995114532,IL,High,Midwest,Electricity,-2.0567985413049112
1642.348145370016,12891.637350384728,CA,High,West,Natural Gas,4.974177421020528
2339.798874467338,16631.569004774054,FL,Moderate,South,Natural Gas,8.451829982048672
1634.8166841414318,8327.5246449765,AZ,Moderate,West,Natural Gas,0.6426494895901157
2108.2292947909878,5890.591061262767,WA,High,West,Natural Gas,-3.334613925943553
2022.7859199519069,9735.153854946237,AZ,Moderate,West,Natural Gas,4.637373131412004
1674.1998261970914,17739.128012962956,AZ,Low,West,Electricity,10.605761694263665
3071.972044662663,7588.976296090807,TX,High,South,Natural Gas,2.0573789897686505
2316.9595111590056,14917.350416332203,CA,High,West,Natural Gas,5.747406646087851
987.4287066711964,15033.102442229325,MA,Moderate,Northeast,Electricity,1.6160036512586926
2093.227157384714,8339.235274876017,MA,Low,Northeast,Electricity,1.3704639654271444
1669.106767615806,11706.949237555826,WA,Moderate,West,Heating Oil,2.0396024791393668
2426.216667398112,14885.189869385613,FL,High,South,Electricity,8.91613589398026
1603.7396307836498,8862.61677703754,TX,High,South,Natural Gas,-1.3033068503649101
1942.6317792665504,9389.258919692917,NY,Low,Northeast,Heating Oil,1.7944246177547682
2252.4936394902284,8254.957258154069,FL,Low,South,Electricity,4.628762377678378
2432.8775970850606,6955.7298079214,IL,High,Midwest,Natural Gas,-1.7588093895512134
1399.8517964721118,8052.167364801979,FL,Moderate,South,Electricity,0.12845246333725102
1832.7493820795255,6328.17919971323,FL,Moderate,South,Heating Oil,-0.9977659553033682
1762.5273444195218,10102.250404777678,AZ,High,West,Natural Gas,0.056423636490809705
1673.335383713144,7690.080306824075,FL,Low,South,Natural Gas,2.392324009960711
2882.7271201405483,10701.357735372245,MA,Moderate,Northeast,Natural Gas,2.8559543358482737
2202.490855480478,5332.313061389118,IL,Low,Midwest,Natural Gas,-1.7582219712669094
1369.5580228324775,10992.640696643371,IL,Moderate,Midwest,Natural Gas,-0.8312775642629271
2458.930973527388,12500.586884826776,CA,High,West,Electricity,4.238989167373773
3061.078098506317,4018.7930722856336,FL,Moderate,South,Natural Gas,0.5760366685205018
2516.2326302755737,11122.169709542715,AZ,High,West,Heating Oil,3.807332681136022
1240.3150170229933,13683.006977419876,FL,Moderate,South,Electricity,6.616912487508407
1757.8829635668744,6371.076943926384,NY,Low,Northeast,Electricity,-2.191387787998385
2633.455574593311,15017.71716051311,NY,Low,Northeast,Heating Oil,6.442730536741877
1646.1652671906097,11257.057028098136,AZ,Moderate,West,Natural Gas,4.441455162211075
2221.909714073114,7884.964432724773,CA,Moderate,West,Natural Gas,0.7388915431153942
2387.3170267146684,9832.69276702688,CA,Low,West,Electricity,5.306015633973262
1536.5347642109589,11674.980737565167,IL,Moderate,Midwest,Heating Oil,1.7732611335271669
1970.2373219691,10228.016174237237,IL,Moderate,Midwest,Electricity,-0.374627409767436
500.0,11616.267977339108,TX,High,South,Natural Gas,0.7805627427096774
1487.8061793328552,7237.979220761901,AZ,Moderate,West,Heating Oil,1.4098147215804104
1873.71592430342,10508.082472108234,FL,High,South,Natural Gas,2.7485007792295324
1376.1084090175752,5758.85650928506,WA,Low,West,Heating Oil,-3.5464444256852534
2816.2056519658177,9666.3218159539,AZ,Low,West,Other,6.374076521842433
1284.9293110196836,7288.277075605631,TX,High,South,Natural Gas,-1.9311958371518922
1779.977756651508,7793.4101722307005,IL,Moderate,Midwest,Electricity,-1.437100084203489
2065.3702886430456,13708.279525631311,AZ,Low,West,Natural Gas,6.747394930758301
2720.6366445330577,13273.930361782808,AZ,High,West,Natural Gas,6.949051676638522
1282.0689244102805,11827.41436272153,IL,High,Midwest,Electricity,1.426995627959036
2581.58187607748,6723.061705982263,MA,Moderate,Northeast,Electricity,-1.9498366939628011
2005.1165305097936,9050.774650915597,TX,Low,South,Heating Oil,4.485503533182129
1509.2456744760243,13639.29309993755,IL,High,Midwest,Electricity,2.566078424744473
2231.0517371316355,10425.150740919717,CA,Moderate,West,Natural Gas,2.9994847036444447
2099.529847786735,16957.988619945085,FL,High,South,Heating Oil,10.154680392438802
1699.8915614206026,11179.953518183116,IL,High,Midwest,Other,0.292942405286052
2034.9010424950093,10576.147349470097,TX,High,South,Natural Gas,3.405464321946223
1807.34320156912,9072.650607392496,NY,Moderate,Northeast,Other,-0.6044216217278019
2056.758672625624,10400.622714346848,CA,Low,West,Natural Gas,4.454313916068192
2331.0653372605234,9542.590490858369,NY,High,Northeast,Heating Oil,0.6982813697137074
2793.008408072676,12124.326030065771,WA,Moderate,West,Natural Gas,5.001239903801129
1381.0922505865756,12870.106950383752,IL,High,Midwest,Natural Gas,-0.3632403288948358
3066.516687328133,7642.031618476151,CA,Low,West,Natural Gas,2.6538212530380263
1023.9561002387492,6006.301139326666,FL,Low,South,Electricity,-1.0163766754050203
1924.1074524822084,4491.38388069011,IL,High,Midwest,Natural Gas,-5.792537803247021
2294.1586032422883,11523.973980737632,FL,High,South,Natural Gas,3.5885598844507873
2140.495933867516,6689.900181478379,MA,High,Northeast,Electricity,-4.387681966044063
1688.6502400897032,3541.3282211425512,AZ,High,West,Heating Oil,-6.16110761995389
1895.9388748213623,11165.735813592892,NY,Moderate,Northeast,Natural Gas,-0.064185076726331
1753.4995326705837,17478.99855229837,CA,Moderate,West,Natural Gas,9.884716898938004
1705.3176215278943,9981.78726538032,FL,High,South,Natural Gas,0.7939849278550621
2424.8010485105124,12515.472323354928,TX,Moderate,South,Natural Gas,5.398486529390637
2178.507742982524,10245.488075642696,FL,Moderate,South,Heating Oil,3.5343801364397898
1653.545202369673,9703.331040426572,TX,Low,South,Heating Oil,3.3743920760186574
2449.799937716625,12757.229448963306,IL,Moderate,Midwest,Electricity,6.750027256606501
2153.649760438305,9129.176367434044,CA,High,West,Natural Gas,-0.0754075312525583
2406.43105941948,10802.176942215709,FL,Low,South,Electricity,6.774420104355191
2314.8144209618063,10965.09341858804,WA,Low,West,Electricity,4.567823821526726
1585.502494538964,7995.728639070854,FL,Low,South,Heating Oil,0.38764088877208164
1719.9094799015152,12976.12704860957,MA,Low,Northeast,Electricity,4.619181962998631
2373.646802561631,9475.120729913777,WA,Low,West,Electricity,1.7647810856994217
2305.1851327167324,7732.764521521465,CA,Moderate,West,Electricity,1.5288233673736686
1989.549203017926,11609.52953071121,MA,High,Northeast,Natural Gas,3.0977589501516123
2058.663691654391,7304.596054626889,FL,Moderate,South,Other,1.0275296705669843
2638.832447894212,10084.543472107383,TX,Low,South,Electricity,5.870816741129254
1704.214305582085,9972.64301006739,FL,Low,South,Electricity,2.9507623012769173
2273.548690585019,13257.686697494732,NY,High,Northeast,Natural Gas,2.3207274137404363
1898.903673783053,11424.094698639858,IL,Moderate,Midwest,Electricity,2.0134338356655554
1891.15939838639,9924.919123764568,AZ,High,West,Electricity,2.9138460754012634
2549.388425993595,12453.298897600862,TX,Moderate,South,Natural Gas,5.024907892998404
2412.708174494015,14170.62264705194,NY,High,Northeast,Natural Gas,3.9409496278632754
2406.754818000319,11673.430919055589,WA,Low,West,Electricity,4.613208291290293
2652.7394035771645,10031.05785953014,IL,High,Midwest,Electricity,0.351881881837208
2010.5019208163797,6064.491302949522,CA,Low,West,Electricity,-0.707028302532932
2340.976485647482,6804.659010773882,TX,High,South,Natural Gas,-0.9369865996593313
1844.866621703272,9084.325886935998,AZ,Moderate,West,Electricity,0.4084417261523921
2162.083176244221,8171.46339352215,IL,Low,Midwest,Natural Gas,-0.47849210020577615
1934.9284728161576,9439.086091043662,WA,Low,West,Natural Gas,2.0123709534632863
2048.497982496359,10169.949774691322,MA,Low,Northeast,Natural Gas,0.959575957453076
2297.5785127184568,11589.078263070192,MA,High,Northeast,Natural Gas,0.5863631540122682
1590.8896583832638,9788.503665822724,AZ,Low,West,Natural Gas,2.340258003055359
3046.19363784273,11459.504931478608,CA,Moderate,West,Natural Gas,7.283847709673912
1496.991309250149,10193.423244430362,CA,Low,West,Natural Gas,2.9904840549337703
1392.9056936061338,4073.6003009383858,WA,High,West,Natural Gas,-7.605169389964965
2579.055436750034,7181.993818543737,TX,High,South,Electricity,0.38446348955941173
2395.831346981468,9567.737332835151,WA,High,West,Natural Gas,-1.386307406061563
2312.0599085260774,6370.915771476677,FL,High,South,Natural Gas,-0.5102587576961359
2314.17275463214,11799.786189988614,CA,Low,West,Heating Oil,6.81156673065654
1993.8766135765427,14592.252497031091,IL,Low,Midwest,Natural Gas,6.170697250088456
1551.3728142570842,13656.28555509195,FL,High,South,Electricity,5.764955695402536
2037.9022790968631,9359.671387209375,MA,Moderate,Northeast,Natural Gas,-0.6920201535499375
1661.4191442439442,14472.178410549855,MA,Moderate,Northeast,Natural Gas,5.922925692291314
2487.559866708876,10446.002371606335,NY,Low,Northeast,Electricity,3.5756157706193377
1926.4713092489308,8988.742086645881,AZ,Low,West,Electricity,2.505132115265569
1587.2514016037442,8159.792009377181,FL,Low,South,Heating Oil,1.3144211772163579
1839.3070791735036,9092.590940535614,AZ,High,West,Electricity,0.6639403330716791
2206.4657271378123,8835.469544376314,WA,Low,West,Other,2.468683895069656
1718.1377235980126,10511.248667126463,FL,Moderate,South,Natural Gas,1.8708449868514752
1588.8898022167843,10481.721943149594,WA,Low,West,Natural Gas,0.8969823084365647
2121.843605745956,10009.138060460244,NY,High,Northeast,Natural Gas,1.2891281640246357
2122.4832855543614,11310.81450923905,CA,Low,West,Natural Gas,4.960246145163914
1746.5284123144352,13571.938824359024,MA,High,Northeast,Electricity,3.9655287263194863
1764.4808471908386,12848.66240632397,NY,High,Northeast,Electricity,4.077060083714358
2116.0249686788184,5545.306094650289,MA,Low,Northeast,Natural Gas,-2.6244389949337084
1275.957829251338,3000.0,CA,High,West,Heating Oil,-5.766722014922019
1296.2681128117224,12802.95973371782,WA,High,West,Heating Oil,0.24180367800140654
1640.777889373782,5899.363904753736,CA,High,West,Natural Gas,-2.0643470184308903
1893.2764241440764,9325.70379432195,MA,High,Northeast,Natural Gas,-0.6883193714031309
2155.4537827990025,6489.660921821922,MA,Low,Northeast,Natural Gas,-0.7263932304198581
2737.678108474776,4594.058687259941,AZ,Moderate,West,Natural Gas,-1.5761571678259034
2428.8298116010096,11624.388184614363,IL,Low,Midwest,Natural Gas,2.82096439224921
1920.0307350182864,12277.46548090794,NY,Low,Northeast,Electricity,4.620779015694019
1990.491896048656,8270.468797819842,FL,High,South,Natural Gas,-1.8119505625623011
1498.7353176810957,3000.0,MA,Low,Northeast,Natural Gas,-6.319879856880345
1990.743432003805,8361.26665524255,NY,High,Northeast,Other,-0.7160646143298695
1855.6706805399308,11175.41201620764,AZ,High,West,Electricity,3.0786511131605376
2161.3592801690447,5563.265293677614,CA,High,West,Heating Oil,-0.1656735011944829
1586.3845282238383,10550.079759337466,AZ,High,West,Natural Gas,2.747957968366917
2259.673257120586,9954.070452481012,TX,Low,South,Natural Gas,3.8195185783966092
2766.369456501289,11737.874498803263,TX,Low,South,Electricity,7.297926791657282
1945.6199257715712,10358.74110524246,FL,Moderate,South,Natural Gas,3.202610254241166
2200.8558610494706,7080.793177355334,AZ,Low,West,Natural Gas,-0.0996718638918525
2345.0719958555565,13589.714504993472,WA,Low,West,Electricity,5.339459580220234
1799.389764057082,9524.41128091909,FL,Moderate,South,Electricity,1.5624299020533938
2112.0462409052084,9918.086381470204,WA,High,West,Natural Gas,-1.8940416395753157
2006.2962003908972,7200.196122780411,FL,Moderate,South,Natural Gas,0.260281991813849
2048.838049274416,8670.153246425469,TX,Low,South,Natural Gas,2.5187575003212603
1613.4951080722667,7345.591857919297,FL,Moderate,South,Natural Gas,-2.100311827247744
2012.2550871294716,9481.16182022973,TX,Low,South,Natural Gas,3.909884859766005
2248.999145622725,15135.12544042703,MA,Low,Northeast,Natural Gas,8.348996476363439
2725.571803897521,5884.296571205931,CA,High,West,Natural Gas,-0.43752534213413785
2479.6354130426034,5159.3158063697765,WA,Moderate,West,Other,-3.205481542753987
3076.5912287557785,14413.510982480826,AZ,High,West,Electricity,9.15813559174424
1616.3262185559752,9372.028968544402,MA,Low,Northeast,Electricity,1.2849017661330437
2436.1603183603397,7992.781784020251,MA,High,Northeast,Natural Gas,-0.8274940095393826
2091.671002869176,13119.71406218823,FL,Moderate,South,Natural Gas,5.478443817491822
3094.901466608836,8183.153380789407,TX,Moderate,South,Natural Gas,3.6495570795182615
1595.8508573224242,15478.029140640809,NY,Moderate,Northeast,Natural Gas,6.865211506111137
1580.139078909612,12033.777614017808,WA,High,West,Natural Gas,0.5974267132253002
1700.303677277989,8536.265775562892,MA,Moderate,Northeast,Electricity,1.0348124692513003
938.0521378450964,16471.92463979651,FL,Moderate,South,Electricity,6.82239798150132
1737.1224891596194,8182.855230989985,IL,High,Midwest,Electricity,-2.31049277735064
1620.433669223151,12226.28611602792,CA,High,West,Natural Gas,2.794667858467887
2075.196893238104,10897.877741219476,CA,Moderate,West,Heating Oil,4.271542363615945
2170.87798788858,13905.223868196394,NY,High,Northeast,Natural Gas,2.5047581513382795
2938.085419607943,14684.53359018056,TX,Moderate,South,Natural Gas,9.014662630579725
2475.211919093025,10096.0124471973,FL,Low,South,Natural Gas,3.954315085034784
1711.5481721687984,7739.74638896145,WA,Moderate,West,Electricity,-1.7018189188086623
1550.792664325821,11379.916428817349,TX,High,South,Other,3.475949132977899
2245.9595857532527,7966.853890743681,CA,High,West,Natural Gas,1.104779249364738
1339.883396489679,16040.161742579869,TX,Moderate,South,Heating Oil,5.348269174700334
2915.7293829271766,10409.605993248211,CA,Moderate,West,Heating Oil,7.2831344120304475
2589.7200603606434,8904.035346063674,TX,Low,South,Natural Gas,4.378755407405829
1765.4121739476475,10554.040917594724,NY,High,Northeast,Natural Gas,-0.6916338750029807
1143.4327354545612,5958.621131410911,AZ,High,West,Natural Gas,-3.597385478689026
2676.9361870827065,7085.157884468045,NY,Moderate,Northeast,Other,-0.38477991886384927
1942.730077373691,13601.241723833276,NY,High,Northeast,Natural Gas,2.819853161629095
2618.908155986731,8029.317163085812,AZ,High,West,Electricity,1.4650501424013496
1202.7861706028166,6859.267051954181,AZ,Moderate,West,Natural Gas,-2.3426328944604937
1700.3124885231136,11609.95825758186,MA,Low,Northeast,Electricity,2.6062212419380626
2002.6218498590915,13557.112463988991,MA,Moderate,Northeast,Natural Gas,3.87607702795209
2023.490296882371,12156.8599319952,FL,High,South,Electricity,2.77116923602029
1774.9672642603782,12988.143057417448,WA,High,West,Heating Oil,2.683914056153589
2311.424966173749,7729.614734291617,WA,Moderate,West,Heating Oil,-0.0622358968445454
1466.1897853087028,5734.567999774469,FL,High,South,Heating Oil,-2.8181688335317534
1928.8102574893533,14504.00095586646,NY,Low,Northeast,Natural Gas,7.181546723480402
2060.1478158559494,9031.960483473593,NY,Moderate,Northeast,Electricity,0.47659632520035994
2257.2194170293747,9247.500950634858,CA,High,West,Natural Gas,1.2292142864767042
2355.807439044445,13984.582425547174,CA,High,West,Natural Gas,7.535861168067255
1437.6789540810655,11668.69002820198,WA,Moderate,West,Electricity,0.18653039652217562
1232.9429146321888,11367.663316244823,FL,Low,South,Natural Gas,2.9328777629967213
2638.8384109492545,16495.007034703252,IL,Low,Midwest,Electricity,8.808483785178518
2166.157005989796,8069.445308859571,MA,Moderate,Northeast,Other,0.481815379978473
1625.756731721723,12783.520384243711,IL,Moderate,Midwest,Natural Gas,3.977822361827233
2775.5759877612613,10171.039374691254,FL,Low,South,Electricity,6.209496587258771
2057.837317146429,10805.77683658977,CA,High,West,Natural Gas,3.993381336094426
2589.6485920319133,14585.405279237595,WA,Moderate,West,Natural Gas,5.885419680889434
2033.7592407050545,11523.50726886887,WA,High,West,Natural Gas,1.93962087013996
3030.3739624409936,11614.888237148898,CA,High,West,Heating Oil,5.550461733647722
2877.6704212216023,13217.522011929406,IL,Low,Midwest,Heating Oil,7.819744958257525
1875.5179257604632,8905.141811371344,TX,Low,South,Heating Oil,2.5409534303400734
2485.785475477178,7482.370997982981,TX,High,South,Other,0.0689990605272559
2322.6879747925736,6865.572417936899,CA,Moderate,West,Natural Gas,1.0518568860830368
2684.3157787661744,4100.930231871995,TX,High,South,Natural Gas,-1.654269043404424
1517.5382697099478,16168.621389820966,AZ,High,West,Electricity,6.535352734394062
2343.0257299992195,6690.37490283495,FL,High,South,Natural Gas,-0.6846493085189871
2529.212243424794,9336.239129242684,FL,High,South,Natural Gas,1.336222982450619
1120.6302567884427,9169.560100333238,CA,Moderate,West,Natural Gas,-2.0872404035828165
1408.3707436671125,10922.220093427302,NY,Moderate,Northeast,Electricity,0.9394212121752565
980.3839111199496,12447.21163761789,MA,Moderate,Northeast,Electricity,2.016884816112421
1865.2965827777207,12581.420465079236,IL,Low,Midwest,Natural Gas,4.574080439721405
2358.7711278979814,8250.767684293185,CA,Moderate,West,Natural Gas,0.018748222334780504
2751.178526048014,9498.634858640766,TX,Low,South,Electricity,4.65014248066032
2037.047390209888,10847.7398514649,IL,High,Midwest,Electricity,-1.2965131281664064
2814.307772785646,9253.926621449358,NY,Moderate,Northeast,Natural Gas,3.2522432746748358
1309.9492708925543,14822.036728059978,TX,Moderate,South,Electricity,5.3558806877270015
1148.3087803224223,11472.924854914754,WA,Moderate,West,Natural Gas,2.024946025019496
1972.2261505516904,12204.633358149453,MA,Low,Northeast,Natural Gas,5.09495530293698
2192.0327244696537,11988.643806002236,AZ,Low,West,Electricity,5.472118902405484
1983.6526259529533,13520.421572455974,TX,Moderate,South,Electricity,5.354941873094136
966.2789499800616,10543.06467611112,AZ,Low,West,Natural Gas,2.8259927924575816
1955.4399802436055,6109.50415613246,IL,Moderate,Midwest,Electricity,-3.8239399205634
1347.7652497475733,11199.063855257926,AZ,High,West,Electricity,1.99707899691128
2334.836274415019,8045.929318624513,IL,High,Midwest,Electricity,-1.7672257233523676
2183.299123048424,8414.14995475073,IL,Moderate,Midwest,Electricity,-2.0004102136180557
1530.0601068363223,11759.09205626528,IL,Low,Midwest,Electricity,0.5887442508134648
1743.0665413316533,13714.849214300906,IL,High,Midwest,Natural Gas,3.42766654545881
1470.3932390555242,10063.814730208183,IL,High,Midwest,Natural Gas,-1.5569565380113923
1968.660451363414,10926.499037796892,TX,Low,South,Natural Gas,4.310730123609588
2477.571160250619,15106.644833905711,IL,High,Midwest,Natural Gas,6.757650993500739
1507.136976832228,10722.259538465703,TX,Low,South,Electricity,4.909975768762607
2252.023257758922,17805.049342541184,IL,High,Midwest,Electricity,8.03655113669722
1734.8711908137795,11696.528936894632,AZ,High,West,Natural Gas,2.8256726116123296
1603.563583868828,4717.711722532546,WA,Low,West,Natural Gas,-3.575018076615915
1946.484820022721,12260.024863313598,IL,High,Midwest,Natural Gas,0.796058933659465
1482.378838790313,11143.475154648331,NY,Moderate,Northeast,Natural Gas,1.331385886976656
1723.1753473264089,13869.258262248237,IL,High,Midwest,Electricity,3.867494928723208
1401.061053705576,12019.544053809876,IL,Moderate,Midwest,Natural Gas,2.5018963696386565
2982.3625664581946,9584.63204804868,AZ,High,West,Electricity,1.6126044784626037
2017.6317759858644,6327.105291131903,MA,Low,Northeast,Heating Oil,-2.3989864267053087
1650.137246003707,9372.930228141924,FL,Moderate,South,Natural Gas,0.7949414673258721
2106.989955367111,7448.438637372099,AZ,Low,West,Natural Gas,1.7623055025155343
1943.8359751545847,8258.429650585833,NY,High,Northeast,Natural Gas,-1.373153819337013
1889.5152002333884,11765.735213261829,FL,High,South,Electricity,5.041476021174588
2307.0833500217127,15009.71351305422,CA,High,West,Electricity,7.128914732729572
2378.7538550236527,11184.014589468945,CA,High,West,Natural Gas,3.4439498012070353
1734.7494261947363,6412.350813894447,MA,Low,Northeast,Electricity,-0.9684783148373337
1712.09087967766,11333.808004660425,NY,Moderate,Northeast,Heating Oil,2.054566702546048
1862.474151424178,13589.894459936952,AZ,Low,West,Natural Gas,8.582494273973285
849.0394176322077,8170.651287041854,TX,Low,South,Natural Gas,0.1574581253161052
1242.4044689007235,9597.948499981248,NY,Low,Northeast,Heating Oil,-1.074359180930577
2683.4371337222624,10044.064584187592,WA,Moderate,West,Electricity,1.0778104968543103
2822.4838567506417,7645.30506075328,FL,Low,South,Heating Oil,1.738760525195635
1875.4819802218108,11944.841301531576,FL,Low,South,Electricity,6.357857096733671
2288.2784815278837,9637.155554176656,IL,Low,Midwest,Heating Oil,3.40230934031943
2155.625077271768,11258.597331721085,CA,Low,West,Natural Gas,7.419209627651
3539.440404227619,7337.5234665937,MA,High,Northeast,Electricity,1.2595096073721783
2559.787455717288,8687.625099029769,FL,High,South,Heating Oil,2.9700385879993307
1936.0412042596167,12167.144073483314,NY,High,Northeast,Electricity,1.4592101493488627
1522.229779699787,8881.500543724698,FL,Moderate,South,Natural Gas,-0.23045571361958464
1196.7768398712135,15180.891553700216,MA,Low,Northeast,Natural Gas,6.424524565860198
2101.731817933612,8801.091443156192,MA,High,Northeast,Natural Gas,-0.5777641687371837
1621.8246273578484,10674.054177255655,MA,Low,Northeast,Natural Gas,2.0251478063122463
1288.873145201163,12797.772495619269,NY,Low,Northeast,Natural Gas,3.7628902666545856
1676.7135578787368,5744.902801200905,TX,Low,South,Electricity,-0.5784846005834159
1459.2259981928023,4717.573564057672,IL,Low,Midwest,Electricity,-3.0801575797031617
2843.5708175362824,5423.031056289716,CA,Low,West,Natural Gas,2.405158276179237
2440.819878474725,13787.752310281548,FL,Moderate,South,Electricity,8.213612419571346
1996.0136793416916,8344.42556232266,NY,High,Northeast,Natural Gas,-0.8177442064310292
2739.972069445013,17674.597857004755,AZ,Low,West,Natural Gas,13.66860454831956
2038.684153823809,8307.257204027834,CA,Low,West,Natural Gas,1.9234557796408334
1569.3578993358683,10553.65390959111,TX,High,South,Electricity,2.448934383175987
2761.5620386348287,14626.329857703626,NY,Low,Northeast,Natural Gas,6.754958866114023
2269.455021842329,16018.27866447737,WA,Moderate,West,Natural Gas,8.61108026045791
1481.376922836772,16184.510729909194,WA,High,West,Natural Gas,3.9527416358167033
1904.830660958196,13625.098691779427,IL,Low,Midwest,Heating Oil,5.720563300490554
1562.1908733076214,13072.187577434386,IL,Low,Midwest,Natural Gas,3.3514153656234704
1308.600134517832,11777.580847603547,TX,Moderate,South,Electricity,3.94817009971364
2463.088773765821,12335.083228499912,TX,Low,South,Electricity,7.227335550103646
2954.708320235065,8346.442851014399,IL,Moderate,Midwest,Electricity,-0.33889646667880347
1300.7162130904294,7545.403349733078,FL,High,South,Heating Oil,-1.4324645930675843
2281.484618345285,9989.876627767144,FL,Low,South,Natural Gas,3.974925087625004
1674.6787154390863,9489.446132425215,NY,Moderate,Northeast,Natural Gas,0.7199502841167575
1756.437308117652,8640.315852018175,AZ,Moderate,West,Heating Oil,1.1545161569878866
1703.8030378805654,12089.162342370146,NY,Low,Northeast,Natural Gas,3.892189403519315
1568.004615160092,12865.915625711532,AZ,Moderate,West,Electricity,4.044355901016504
2024.2608139724132,10265.220658875542,TX,Low,South,Electricity,3.7244100553930064
1584.524941794481,14432.590243165783,CA,Moderate,West,Electricity,6.143001490653663
2135.22841288992,6574.9326575994855,NY,Low,Northeast,Heating Oil,-0.2979080363781198
1974.8809452754317,9419.021622160846,NY,Moderate,Northeast,Other,2.046160600517198
1880.5259765667952,7849.533038191585,AZ,Low,West,Electricity,0.8054132395822988
1546.218168979201,4400.39014878082,MA,High,Northeast,Natural Gas,-5.4303253686031
1711.6143347158336,9751.957942471903,TX,Low,South,Heating Oil,1.0055091941778684
2377.695612912878,9634.75747485015,TX,Moderate,South,Natural Gas,2.195959299583617
2250.4585938121904,14540.349229726393,WA,Moderate,West,Natural Gas,5.082487961163999
1511.2223776007245,11892.435053664332,MA,High,Northeast,Heating Oil,-0.437628880574941
2049.666152714613,6927.439527012385,AZ,Moderate,West,Natural Gas,-1.5568165573459691
2375.6935616858946,15562.277699002563,TX,High,South,Natural Gas,8.726663734512153
1165.2973594393145,13663.101086576058,MA,High,Northeast,Natural Gas,1.7796281077268252
2271.680096189968,11746.293110405848,IL,High,Midwest,Heating Oil,2.6690587003908934
1668.6881205270763,9320.547703450504,MA,Low,Northeast,Electricity,1.3483966306261697
2285.29933429658,7121.682289829561,FL,Moderate,South,Electricity,0.957897951595254
1618.3704217287416,8883.37967178684,WA,High,West,Natural Gas,-1.2221163086053028
1097.5589496677403,13266.245859112558,IL,High,Midwest,Electricity,1.3918314722057699
1186.2287810584187,15653.758917803829,CA,High,West,Electricity,4.839223091614921
2024.0424733306909,14629.730584816569,NY,Moderate,Northeast,Natural Gas,6.735629712298746
2129.861250860741,8533.451734641178,WA,Low,West,Natural Gas,0.2040621035815327
1547.8416874477955,6641.147700132966,CA,Moderate,West,Natural Gas,-2.1987652237338686
2319.296229388687,10422.658740733612,NY,High,Northeast,Other,0.8833333237065882
1169.23996886552,4694.681903311445,FL,Moderate,South,Electricity,-4.879649078254028
1966.9601006763417,10969.503142554344,MA,Moderate,Northeast,Heating Oil,1.485992961917595
1394.4919001187718,9557.192241103994,TX,High,South,Natural Gas,0.6902299629050042
1674.0819460989203,8601.890494395273,IL,Moderate,Midwest,Electricity,-0.701603874160759
2023.699335658207,5215.8907981996135,AZ,High,West,Electricity,-3.634540596909602
1569.7933173580238,11540.80031970915,IL,Moderate,Midwest,Electricity,1.1926815814764524
1807.7222278850872,8401.897481014266,FL,Low,South,Other,3.0916749415546856
2503.14640460722,6490.249492869136,CA,Moderate,West,Natural Gas,0.9929424198175174
1711.5540652384257,3000.0,AZ,High,West,Natural Gas,-3.5018268301746076
2417.846056032571,9917.45528484809,TX,Low,South,Electricity,5.933275570654761
1435.1465726711908,15316.754790009232,FL,Low,South,Electricity,9.331341003911554
2264.9020889576414,14983.77764364361,AZ,High,West,Electricity,6.125713271103091
2720.78431032895,8628.711230241184,FL,Low,South,Natural Gas,4.834140202532509
764.1777499363554,8193.363818914659,MA,Moderate,Northeast,Electricity,-3.3313874829095425
1601.5523722647615,11406.32276822507,FL,Moderate,South,Natural Gas,3.058445709216345
2288.53606359027,7004.843682435126,TX,Moderate,South,Natural Gas,0.7499311501481937
1898.477306978504,10905.375699458398,WA,Moderate,West,Electricity,2.647541848026889
2185.5729366856544,12298.24083515407,NY,Low,Northeast,Electricity,5.170218299529593
1698.0074066420898,13680.799671652923,AZ,Moderate,West,Natural Gas,5.198340683595043
2043.29489373645,9699.537770560142,MA,Moderate,Northeast,Natural Gas,1.5285864716256625
1922.16138230396,9388.978749469105,TX,High,South,Natural Gas,0.5957139720010594
2583.891030829904,7366.052239730317,FL,Low,South,Natural Gas,2.750517420354411
2127.2104216506063,7519.35893788042,MA,Moderate,Northeast,Electricity,-1.5295702862955018
2168.801331037601,9320.56332429542,TX,Low,South,Heating Oil,3.439299734634995
1794.0615169387663,11102.096520448536,WA,Low,West,Natural Gas,3.4564625293665774
1756.1968879637532,12740.753878699748,MA,Low,Northeast,Electricity,3.2129539348113574
1783.7209060901896,7590.463147958966,MA,Low,Northeast,Heating Oil,1.1031000344162785
2197.226071189149,14478.065706878566,NY,High,Northeast,Heating Oil,3.0514317799623676
1789.5077595898686,9186.629196872294,IL,Low,Midwest,Natural Gas,0.1679770327971743
2144.8874284482063,9935.898116954691,AZ,High,West,Other,2.595884863792845
3037.7003993227195,7758.36496255653,NY,High,Northeast,Natural Gas,0.418079927637279
2435.562351715846,3000.0,CA,Moderate,West,Natural Gas,-3.229351017140014
1836.9882339160797,12652.136189083149,AZ,Low,West,Natural Gas,6.268721953913766
2600.6069610819723,12210.5316912773,NY,Moderate,Northeast,Natural Gas,4.822295698768862
1795.9623134892242,9156.01732864536,FL,High,South,Natural Gas,0.5168724781661274
980.9377324110732,10200.972151674616,AZ,Moderate,West,Natural Gas,2.556028874431668
1495.956844541298,11547.8176531123,AZ,Low,West,Natural Gas,5.379080456426497
1064.6040394870722,5312.362429340372,TX,Moderate,South,Heating Oil,-2.6856051406798493
1824.2432579793456,8412.841967961116,FL,High,South,Heating Oil,-0.9048282394506096
2009.209189594776,12382.794038865482,CA,High,West,Natural Gas,4.321823993649331
2838.218656137641,6237.131730492252,IL,Low,Midwest,Heating Oil,-0.38689690595316956
2163.463686882081,10880.673796499888,MA,High,Northeast,Heating Oil,0.201999794574585
1890.449735595568,5930.254586129785,WA,Low,West,Electricity,-1.928681758733313
2414.702790591745,11399.289947300578,NY,Low,Northeast,Natural Gas,3.691049770704252
894.4323454960575,9893.07555310755,TX,High,South,Electricity,0.337344073949902
2117.807279054283,5154.604552283472,NY,Low,Northeast,Heating Oil,-3.679972452502294
2385.4325969434835,13494.218063371514,CA,Low,West,Electricity,9.984123870100303
1260.7068771100792,7796.225269605852,MA,Low,Northeast,Natural Gas,-2.578693634766052
2571.8770216034645,7569.242688956857,CA,High,West,Electricity,0.9322990693642224
2169.2482037472078,10601.707591692828,AZ,High,West,Electricity,3.732063309575311
1792.3560430495993,13445.912048286144,WA,Moderate,West,Electricity,3.459983704185232
2316.3909330531424,6952.5345430648085,CA,High,West,Natural Gas,0.43778505260404377
3135.3464289021977,10185.039549543915,NY,Low,Northeast,Natural Gas,3.226548809547894
2090.9331275292475,11286.44950099172,FL,Moderate,South,Heating Oil,5.920433455232775
2124.110293150168,12079.316821789433,FL,Moderate,South,Heating Oil,5.341686673055528
1770.319550229878,10529.324665831677,AZ,Low,West,Natural Gas,3.4735523583225514
1575.077815267604,8898.916482750034,IL,Moderate,Midwest,Other,-1.2501096591421923
2415.167908272123,7517.229338053841,NY,High,Northeast,Natural Gas,-0.8435155760091934
1571.9580870455663,10258.431649139124,NY,Low,Northeast,Electricity,0.817892531379818
2035.783118609696,6783.582964043179,CA,Low,West,Electricity,0.10579151183979381
1761.1712766174417,3000.0,WA,Low,West,Heating Oil,-5.699194044348856
2239.489912873196,11309.679412473004,NY,Low,Northeast,Heating Oil,2.611697125449428
2166.8310526434743,12711.804523258586,TX,High,South,Natural Gas,6.866010536487352
2518.7699721289496,3000.0,IL,Moderate,Midwest,Heating Oil,-5.528854646956825
1744.9918005726263,6970.807885870187,CA,Moderate,West,Natural Gas,0.2924082731958435
1865.0625323533145,11857.462783015591,TX,High,South,Electricity,3.797057931369995
1510.6181421088463,16172.486409135096,AZ,Low,West,Electricity,8.20918864287082
1777.8533699619445,10062.381123026224,FL,Moderate,South,Electricity,2.6121331537373833
2188.650246522426,7815.991176312596,AZ,Moderate,West,Natural Gas,1.977294448668197
2378.494308322676,9451.31067668548,FL,Moderate,South,Heating Oil,3.020037958244526
1538.9173379111874,14124.629257444554,AZ,High,West,Natural Gas,6.395576879117958
2434.8029600528303,8062.107462626394,NY,High,Northeast,Natural Gas,-0.046771224486081106
2677.8189294024755,7602.42398004924,TX,Moderate,South,Electricity,2.8769766935125207
2206.7174516118503,8551.769433453903,FL,High,South,Natural Gas,0.5055475644046065
2938.397906279033,7140.014175223863,CA,Low,West,Heating Oil,1.936967540000443
1613.1054004482137,10368.010947984389,TX,Low,South,Natural Gas,2.9806341435180195
1377.6726483442917,14874.035375408685,CA,Low,West,Natural Gas,7.825621612763987
1110.6398755478608,10969.237819348087,TX,Moderate,South,Heating Oil,2.736304283976165
2748.022155744592,9242.939493621136,TX,Moderate,South,Electricity,1.5674124003498735
2327.182828177029,9124.566193253368,AZ,Moderate,West,Natural Gas,2.770818647995676
1972.2076645447728,5310.4275739100285,FL,High,South,Electricity,-2.5870678716772417
2139.98431315991,12649.329331441477,FL,Moderate,South,Electricity,5.651753701445745
1437.2554763508117,9766.488408961592,WA,Moderate,West,Electricity,0.9322732006790958
3222.875989808413,9458.560259228125,TX,Low,South,Natural Gas,6.326092313095821
2064.6105909876137,19579.322703534584,NY,Low,Northeast,Heating Oil,13.018735793590713
2054.6973973024465,10896.25872509706,NY,Moderate,Northeast,Heating Oil,1.78969299935172
2362.883311949346,7744.6268497144465,CA,Moderate,West,Electricity,2.4078709661200643
2240.5046158683567,8720.92721138337,CA,High,West,Natural Gas,2.8370028376476037
2111.9420121395656,13445.337127590265,AZ,Low,West,Heating Oil,8.980914601142059
1604.762772277344,10339.811231613294,TX,Low,South,Electricity,2.4571951827392486
2235.734178567998,5685.1660650479,CA,Moderate,West,Electricity,-1.0970416553584852
2941.012248237517,12757.68680372561,CA,Low,West,Natural Gas,8.294546594750848
2672.7100230774886,7995.567743383018,IL,Low,Midwest,Heating Oil,1.830242324614323
2796.5933133196986,15619.893328652635,TX,High,South,Electricity,9.899433510306569
1744.392161784407,13240.144197143944,MA,Low,Northeast,Natural Gas,3.8900358466870246
1505.1975898707096,8658.034313023747,AZ,Moderate,West,Natural Gas,0.7362680066821039
1937.106539950176,13843.04908520534,CA,Low,West,Heating Oil,5.697334832949554
2027.8624561443476,10203.56653158221,AZ,Low,West,Natural Gas,5.701236449672795
2547.0957592354744,12558.321025366658,FL,Moderate,South,Other,6.140138303160914
1153.7676851425904,11454.198451883423,AZ,High,West,Electricity,1.8175977620131032
2764.7751597303068,7460.930035027379,MA,Moderate,Northeast,Electricity,-0.3191693595000691
1920.9960507105047,8069.350503047613,NY,High,Northeast,Natural Gas,-0.9426298205179612
1786.55946502629,13089.882452743484,MA,Low,Northeast,Natural Gas,1.8254949413986856
1493.9478123699164,8995.674003680377,NY,High,Northeast,Heating Oil,-2.0330407139057
1172.5716640671153,8789.05461027401,AZ,Low,West,Natural Gas,1.0283791809105427
2411.585291980957,7134.6322619519415,NY,High,Northeast,Electricity,-2.4958335416778272
2036.658983594202,11270.797196780382,FL,Moderate,South,Natural Gas,6.07034170960442
1355.019550129473,16187.574757729437,TX,High,South,Natural Gas,6.01028439913261
1352.460613968192,6797.401257237181,NY,Moderate,Northeast,Natural Gas,-2.7258813375907742
1832.107650354936,10072.658370018276,NY,Low,Northeast,Electricity,2.0931264594342305
2834.510762644697,14236.661666246287,AZ,Low,West,Other,11.167202444071195
1870.2043243181977,9761.075826262855,FL,High,South,Natural Gas,0.8342953901217453
1248.428523440947,11357.115388749202,WA,Moderate,West,Natural Gas,0.12100353650733682
1877.128467957028,6812.819415559361,WA,High,West,Natural Gas,-2.3368537410491848
1863.6382151261648,11284.921291622946,WA,Low,West,Electricity,3.4375190302053866
651.5566785292142,9438.567204986351,WA,Moderate,West,Natural Gas,-3.8032567846319782
1972.8525667410936,12957.189987039588,TX,Low,South,Heating Oil,6.363590106058506
1884.532734895661,13562.158154694254,MA,High,Northeast,Electricity,3.717606278333637
2348.103182406709,17768.690926055842,AZ,High,West,Electricity,11.30266151241585
2924.4780474726726,11738.899519640729,AZ,High,West,Natural Gas,4.908624961393117
2563.2825147738786,10977.3889497465,IL,Low,Midwest,Other,1.189697989477315
1865.555654722585,10583.152904732007,FL,Moderate,South,Natural Gas,3.83748739991421
1446.7370456291649,8940.501121567935,WA,High,West,Natural Gas,-3.3863454771177115
3286.67990162493,11015.451530385071,TX,Low,South,Electricity,5.571472535512524
2029.609217007244,9113.795769582912,FL,High,South,Electricity,-1.6593117213867412
2006.964645956473,10505.382928808844,WA,High,West,Natural Gas,1.333293080919531
1987.9374564449984,13952.79260682388,TX,High,South,Natural Gas,6.057284970118843
2099.042380383928,6980.3723041610765,FL,High,South,Electricity,-1.0471993157833202
1927.8197940380287,13419.635683387136,AZ,Low,West,Natural Gas,8.664299634425957
1713.168996559882,13951.345202019596,AZ,Low,West,Heating Oil,8.015007878162434
1726.570529379804,9645.794419026764,MA,High,Northeast,Electricity,0.7152355205082888
1983.6233648920008,3634.435302974216,CA,Low,West,Natural Gas,-3.7910534394087785
1728.2876144331176,8176.5340387167025,MA,High,Northeast,Natural Gas,-2.4014413563710257
1643.5771086614177,13890.983639683329,NY,High,Northeast,Natural Gas,1.5614244820581487
2053.2151138459485,9931.395813103354,MA,Moderate,Northeast,Electricity,0.808443708939784
1872.5113912895724,7002.093303115267,WA,High,West,Electricity,-3.5014997680722666
2751.9964942913443,8485.675236315348,IL,Low,Midwest,Natural Gas,2.6162818621611086
674.515095803494,12521.86007951366,FL,Moderate,South,Electricity,2.916454152262546
2545.7534259612307,11640.200704604138,IL,Low,Midwest,Other,5.355114694806517
2623.0425962488143,9283.203702490917,CA,Moderate,West,Natural Gas,4.232729028127439
963.3048837959252,8899.526764555938,NY,Low,Northeast,Heating Oil,0.9810652095309303
1828.6562029598256,8824.725552868535,FL,Moderate,South,Natural Gas,1.1667413035020613
1814.279567002104,7232.769446504492,TX,High,South,Natural Gas,-2.0796941201576793
1296.2441526410894,14846.127068408325,WA,High,West,Natural Gas,3.684698989006912
1611.0916562045622,9033.03859236598,NY,Low,Northeast,Natural Gas,-0.5470581223644393
1444.7120772670855,13651.47556247649,AZ,Moderate,West,Natural Gas,7.022860485447197
2876.1352217118115,14563.948155767352,CA,High,West,Natural Gas,8.033000560245744
2467.8391965737305,12994.932694443882,NY,Low,Northeast,Heating Oil,5.365034719717354
2635.7775474970795,8705.139061845855,WA,Low,West,Heating Oil,1.5053784356888966
2360.836032021617,11211.19027100983,MA,Low,Northeast,Electricity,4.651279758524705
1435.4741143913852,9927.413180827252,NY,Moderate,Northeast,Natural Gas,-0.3593855736214626
1737.7398668601131,7288.894417809615,MA,Low,Northeast,Natural Gas,-1.877292668600541
2244.687280613959,10973.07784516481,WA,High,West,Natural Gas,3.127804324016259
1388.9360955540274,6462.880626520593,AZ,Moderate,West,Electricity,-2.6154170230331033
2356.499215086194,13563.03816538469,FL,Moderate,South,Heating Oil,7.311602669590073
1879.8373009209324,8606.14810810482,TX,Low,South,Natural Gas,3.0181288615569155
1812.5895962252007,10603.478967618516,AZ,Moderate,West,Natural Gas,1.5973230496518465
2355.4799841017457,10849.863614638429,MA,High,Northeast,Electricity,2.041084084247843
2222.13165574302,9223.285078887768,MA,High,Northeast,Natural Gas,-1.3875592851066418
1819.51691709046,11760.081404425824,TX,High,South,Natural Gas,4.221898019440747
2579.664901682124,8575.289030132426,FL,Moderate,South,Electricity,1.7719678215776977
1459.4683362000517,12613.891892371732,NY,High,Northeast,Electricity,2.2255975966206956
2307.967803472132,5962.060959259754,TX,High,South,Natural Gas,-0.3161703675012701
2296.550628984192,10379.138738639236,CA,High,West,Natural Gas,3.833676522240425
1845.226780343005,15816.786997174857,CA,Low,West,Other,9.758557206098969
2163.066511121059,6999.006026183276,WA,Low,West,Natural Gas,-0.9061618945043053
1374.4432118073487,7966.765088425445,AZ,Low,West,Natural Gas,0.1392319357052986
2462.0135096034505,11541.723548976744,MA,High,Northeast,Natural Gas,3.93678525900075
1907.5489317785052,10538.745345818794,FL,Moderate,South,Natural Gas,2.6543479892081616
1738.6384897404805,11051.890297820675,WA,Moderate,West,Natural Gas,0.4921012037316414
2524.5046129184448,11467.56139044299,AZ,High,West,Heating Oil,5.18193955131271
1647.8281547286203,11904.16440568531,AZ,High,West,Natural Gas,2.4036839119560547
1295.76935181822,13329.099525868667,WA,High,West,Natural Gas,0.9705747320389817
1221.685413238048,11229.455970785535,IL,Low,Midwest,Electricity,0.2292225350918684
2303.00497567282,9276.227036144372,AZ,High,West,Electricity,1.3993271480294955
1359.7853237518584,12017.721103608194,IL,Low,Midwest,Heating Oil,2.6545767272154173
2877.3970909921823,15699.645804685646,CA,Low,West,Heating Oil,11.697531714330712
959.035296058139,9602.09876085228,CA,Low,West,Natural Gas,2.471475597268041
2848.228184145019,7076.412085988075,AZ,Moderate,West,Electricity,2.2997663779439073
2105.5087336013094,13321.242007860918,CA,Moderate,West,Natural Gas,6.341387255510358
1951.643444064804,9638.856508139204,FL,High,South,Other,1.3439477198890923
1727.540456595525,3481.991361957891,IL,Low,Midwest,Natural Gas,-4.552770255935876
2199.5680571760354,12542.265031451265,IL,High,Midwest,Other,4.213971308731906
1981.182648787576,8394.015442138232,AZ,Moderate,West,Electricity,1.482694939196584
2551.650941008261,9728.400153087518,CA,Low,West,Natural Gas,4.362571180893631
2057.11382433102,10995.940991707044,TX,Moderate,South,Electricity,3.117302639283539
2075.1508807309388,10571.4990393372,MA,Low,Northeast,Other,1.2765955363868509
1818.193893893072,12128.35545141712,WA,Moderate,West,Heating Oil,3.431012911246788
1971.5271881394665,8693.54088829047,WA,Moderate,West,Natural Gas,0.21457378820896003
2153.900884446029,11539.317394528249,IL,Low,Midwest,Electricity,4.42448268852697
1144.9158036716872,9221.359967248249,AZ,Low,West,Natural Gas,1.3825321282395673
1325.9072889471436,12216.43144266251,AZ,Moderate,West,Natural Gas,5.27518076644855
2371.6320470113574,11846.10245203916,FL,High,South,Natural Gas,4.105248051477057
2085.432719063971,7193.683893866214,NY,Moderate,Northeast,Natural Gas,-0.6801814307986387
1908.0083318236605,13257.946348525096,MA,High,Northeast,Heating Oil,3.0352201171828748
2009.2169665326967,8392.109664657855,NY,Moderate,Northeast,Natural Gas,-1.197807166956089
2173.7908526808355,12424.173394843436,IL,High,Midwest,Heating Oil,3.364285407522869
1730.1201598453192,11101.861940204022,WA,High,West,Natural Gas,0.9717383785786543
1610.8476372988437,15514.551030385366,FL,Moderate,South,Natural Gas,8.093219064249979
2097.922627548841,9329.602052884444,FL,Moderate,South,Natural Gas,2.606725730038324
1510.813611192484,8952.049611645407,FL,High,South,Natural Gas,-0.0642162476864561
2204.126377857236,9941.741182336802,IL,Moderate,Midwest,Natural Gas,3.738365930921713
1148.7081978810795,9090.460651497173,NY,Low,Northeast,Natural Gas,0.5721336924555053
2514.5778186628218,12399.82570582615,WA,Low,West,Electricity,6.151808238137306
2236.2987412065213,5151.068174690236,FL,High,South,Natural Gas,-2.264535184693333
2128.0148671569377,6838.952742560938,WA,High,West,Natural Gas,-1.8978603225285184
2491.345491972757,6796.591235262421,CA,Low,West,Natural Gas,2.2972769955993866
2832.7372222312883,12850.922775920728,AZ,Moderate,West,Heating Oil,7.542601973157341
2507.1850325090654,15131.840117745774,AZ,Moderate,West,Heating Oil,8.84264585749799
1079.5628843341774,9686.652344387585,WA,Low,West,Natural Gas,-0.23513922460674863
1360.2115166321491,9493.534830429968,TX,High,South,Natural Gas,-2.95646787218379
1687.5907111521606,10210.156489339544,TX,Low,South,Natural Gas,3.795938750941508
2013.0455251054168,13485.634907824571,IL,Low,Midwest,Other,5.023249877925046
2258.829510234561,7217.940597428278,IL,Moderate,Midwest,Natural Gas,0.32826961618028494
1637.1280934232673,10715.106948204357,AZ,High,West,Natural Gas,2.0087072058626445
2093.383382238539,12925.592889347288,CA,Low,West,Natural Gas,5.923396234289406
1622.3085338233386,11503.282509819535,MA,Moderate,Northeast,Natural Gas,1.6980194233380952
1694.241098504026,10568.74484979623,NY,Moderate,Northeast,Natural Gas,-0.0888940382582217
1296.6694515758888,13003.138277701424,NY,Low,Northeast,Electricity,4.069884596565668
1538.3833769445478,3000.0,IL,Low,Midwest,Natural Gas,-5.632285881771421
1324.1576971918332,12033.625958592722,CA,Moderate,West,Electricity,4.639780984084656
1512.0633735113336,8037.772950617728,IL,Low,Midwest,Natural Gas,-1.72898209405417
2526.82089830392,4508.101309430629,MA,High,Northeast,Natural Gas,-4.404248797733386
1525.3005555840284,11533.607798574942,NY,High,Northeast,Heating Oil,-0.7808128856836369
3316.191032418696,14120.975635488874,WA,High,West,Natural Gas,7.454852482250982
2246.6589504404446,9587.654456116925,IL,Low,Midwest,Heating Oil,2.599843537437936
2092.418061847437,12858.623641608816,FL,High,South,Electricity,5.539264786331261
1570.8211099093933,14836.834773965937,WA,Moderate,West,Natural Gas,4.980096025141664
2350.1549397044955,13944.743360752142,MA,Moderate,Northeast,Other,6.059826130949925
1712.181086881113,14919.89358811418,MA,Low,Northeast,Natural Gas,7.948594870185003
2061.0049073226805,12226.382473215675,IL,Low,Midwest,Heating Oil,4.063298030819025
3280.042269134397,10226.30091670478,AZ,High,West,Natural Gas,4.925030638683658
1951.9700501376751,5194.102564308495,IL,Moderate,Midwest,Heating Oil,-4.988083634597565
2574.6366631428377,9261.812535610154,AZ,Low,West,Natural Gas,3.5428249002974974
1648.4117874370563,7470.260214051425,MA,Moderate,Northeast,Electricity,-2.135102917981156
1982.5057547515191,16512.828152493443,CA,Low,West,Electricity,11.58177320869839
2885.400317817755,9472.34256270299,MA,Moderate,Northeast,Heating Oil,1.9868623740869282
1686.5164711061163,10369.614420353457,NY,Moderate,Northeast,Heating Oil,0.5067308332535657
2906.2242789984643,11654.456128121405,WA,High,West,Heating Oil,3.060019441613957
2353.8759677277376,10130.807339117362,WA,High,West,Heating Oil,0.3038026037285142
1718.766612052866,15085.15312129226,TX,Moderate,South,Natural Gas,7.817657801106814
2316.2038695277606,8132.051914796644,TX,Moderate,South,Natural Gas,0.26720200867352095
2486.277224813365,10583.822365711729,MA,Moderate,Northeast,Natural Gas,3.8373163920051874
2310.9049811085983,7772.588242905855,NY,High,Northeast,Natural Gas,-2.271024093006409
1214.8876400547715,6039.932466337883,TX,Low,South,Natural Gas,-0.8083887681144325
1636.4314120875656,8164.692727284144,WA,Low,West,Electricity,-1.8324430459346008
1876.240682224248,9888.889608854764,IL,Low,Midwest,Natural Gas,2.310211103849479
1962.7832854499768,8712.09332644822,CA,Moderate,West,Electricity,2.3096045051626706
2310.336048775339,7922.737060378432,CA,Moderate,West,Natural Gas,1.9276112299350066
2088.8505004666267,5781.047608984499,NY,High,Northeast,Natural Gas,-5.035679911882042
1332.3278206449495,9750.683282113916,MA,Low,Northeast,Electricity,0.6648871130018921
2190.0989255029817,5485.838877906994,TX,Moderate,South,Electricity,-2.3170194558214323
2305.292872641912,12280.167891068808,IL,High,Midwest,Electricity,2.6379903812564454
2279.89522396552,10247.319258803507,CA,High,West,Electricity,3.8365228076898754
2540.3903627773107,5627.3455016052085,CA,Moderate,West,Natural Gas,0.5048281542305717
2416.961077274452,9072.37276885041,FL,Moderate,South,Electricity,2.921477865939747
2229.5900396142183,7743.530783228251,MA,Low,Northeast,Natural Gas,-0.7720957134661549
1964.9171442706763,10957.52353125754,FL,High,South,Natural Gas,3.5329455319730876
1169.5195332420044,14021.351338069431,WA,Low,West,Natural Gas,4.379771642251467
2214.809109566293,4374.482591062766,CA,High,West,Natural Gas,-5.516214788035072
2103.843843581556,10345.078237442252,NY,High,Northeast,Natural Gas,1.3353957509218817
2135.7894185976866,9519.60161330008,AZ,Moderate,West,Other,2.7669476166257607
1361.6257120898454,12014.020229351398,AZ,Low,West,Other,5.939722901514161
1459.471729795869,10639.589884713068,IL,Moderate,Midwest,Natural Gas,-0.5367371745380007
2526.576426666452,7744.0920047835425,CA,Moderate,West,Natural Gas,-1.3794589550795544
1980.2224230716724,9042.838193000143,CA,Low,West,Natural Gas,3.2823668974886755
2340.7503486863125,7611.922429589533,WA,Moderate,West,Natural Gas,-0.4150131963558696
2014.1591880652304,13228.021415795794,CA,High,West,Heating Oil,3.5656681643198027
2014.8780697478728,10063.934946015826,NY,Moderate,Northeast,Natural Gas,0.11519153964496522
2469.141902987999,15703.572057259022,FL,High,South,Electricity,11.397073606954923
1741.9776358913132,9818.017558556136,CA,Low,West,Natural Gas,2.99636221618496
2048.0603884704915,7874.779699268612,CA,Moderate,West,Other,1.701859452585811
1768.8623556474788,5458.856822161519,WA,Low,West,Natural Gas,-3.6540782939119083
1782.7518862838422,4590.580971232165,MA,Moderate,Northeast,Electricity,-6.934218155053308
1845.4139382656804,5247.592170983531,TX,High,South,Natural Gas,-3.231838199281013
2111.0668858168565,10801.37995303445,MA,High,Northeast,Electricity,0.7579091643820574
1760.6256891682613,11526.175069689802,WA,Low,West,Natural Gas,2.647548209357953
2627.8780627867604,5256.427893903599,MA,Moderate,Northeast,Natural Gas,-2.6024568160292723
1552.696348890248,12685.114942228349,WA,Moderate,West,Heating Oil,3.0547759116544797
1906.5641779193204,8550.81684494968,NY,Moderate,Northeast,Heating Oil,-0.7861717504654852
1780.1344708629126,10440.379035956648,IL,High,Midwest,Heating Oil,-1.2633581902648905
2723.4889421768667,14836.661884766272,CA,High,West,Electricity,8.769824560681945
2098.277388255787,12690.517947596596,WA,Moderate,West,Heating Oil,1.9377009687857476
2515.922269734317,9194.408056282504,WA,Moderate,West,Natural Gas,-0.8241048615330616
1257.219813481514,7326.4233237541375,TX,Low,South,Natural Gas,0.5800434454187329
2133.5251329346293,3544.553796012085,WA,Low,West,Natural Gas,-3.6813756659833
2444.8153978117184,7842.54004227274,AZ,Moderate,West,Electricity,1.674775472822141
2041.141994637712,9366.609283516917,IL,Moderate,Midwest,Natural Gas,-0.9465552319627314
2532.7401875326755,7038.461418546448,CA,High,West,Natural Gas,-0.6039691470622763
1741.3557749498138,9606.229098723086,CA,Moderate,West,Electricity,1.8261939009362103
2704.67372009279,10230.555648876303,TX,Low,South,Heating Oil,4.044009120487772
3149.449061809625,9325.432054575764,NY,Moderate,Northeast,Natural Gas,1.8853015201717813
1818.5807197801705,8049.99225752962,CA,Low,West,Natural Gas,2.339484035266641
1777.248739299614,10505.964015900185,AZ,Low,West,Natural Gas,5.487766858788627
2726.6922385588505,11325.821948708228,CA,High,West,Natural Gas,4.359771673167379
2789.7860728653563,6728.802767671462,AZ,Low,West,Natural Gas,3.0648632677182737
1738.569986423366,14232.79713923881,IL,Moderate,Midwest,Electricity,2.7958770414980756
1789.906591452071,9704.235603147215,IL,Low,Midwest,Electricity,1.9435000271649696
1859.1076955697465,10056.548868834543,FL,High,South,Electricity,0.9708158452465548
1327.7747444828617,12124.643269769673,FL,Moderate,South,Natural Gas,4.087538375443365
1540.674026757901,10699.648393790503,AZ,Low,West,Heating Oil,3.533244029066598
1497.929616623966,12859.409901739737,NY,Moderate,Northeast,Natural Gas,4.175683144771501
1616.1012174479358,10861.372495605472,CA,High,West,Natural Gas,1.2191392821614255
1982.6575563066092,8162.687876078686,WA,High,West,Heating Oil,-1.2443907137462642
2117.10736626826,11084.510575618306,CA,Low,West,Natural Gas,5.039217844858293
2775.2502464070385,6568.821378038015,FL,High,South,Natural Gas,-0.0389836071575722
1500.8229796306046,10325.67911732957,MA,High,Northeast,Heating Oil,-0.856528816568431
2492.161199238292,9900.310028066617,WA,High,West,Natural Gas,0.0389593220490874
1893.0055778872456,9375.649428182382,AZ,Moderate,West,Electricity,2.1475616180502013
1975.2681451737835,9614.387465683209,WA,Moderate,West,Natural Gas,0.5022755339089541
2337.409746083302,4354.452863507083,MA,Moderate,Northeast,Electricity,-3.729487395919584
1438.6389892188508,8353.825276777116,CA,High,West,Natural Gas,-0.6843915990923201
2191.204873092025,10278.534703423344,CA,Moderate,West,Natural Gas,4.4589389992196296
2083.226104106528,10479.5691759922,NY,High,Northeast,Electricity,1.5695300002526258
2246.2256320040747,6916.974577222125,TX,Moderate,South,Natural Gas,-0.6411974805975271
2144.584321953909,13797.123522594102,WA,High,West,Natural Gas,4.955064667092692
3227.650069955447,7401.475455356498,FL,High,South,Natural Gas,0.6704391681575377
1681.130007874342,12908.37160158021,MA,Low,Northeast,Natural Gas,4.858487505466629
1734.5015224990912,11281.583085615055,MA,High,Northeast,Natural Gas,1.370324915316106
1688.429736787618,8061.318070468591,MA,Moderate,Northeast,Natural Gas,-3.4731393476186776
1722.2614404198723,15325.932677828536,FL,High,South,Heating Oil,6.863434805197692
1681.306436346741,6419.08950473056,TX,Moderate,South,Natural Gas,-1.686793735936274
2594.508265553776,12757.462520830004,CA,Moderate,West,Natural Gas,6.187713794002181
2710.2521239949274,13001.746954128936,NY,High,Northeast,Natural Gas,5.773103532817796
1714.6268531252615,7988.139372770065,NY,Low,Northeast,Natural Gas,-1.2362860616168303
1583.8222134478856,14177.395900192989,FL,High,South,Heating Oil,4.5386633979707085
2235.707778193202,9249.86045620314,NY,Moderate,Northeast,Natural Gas,0.7969709525946391
1723.8884778595143,10866.080887839573,MA,Moderate,Northeast,Other,1.9994475898570163
2316.4659088777557,10780.965516313663,IL,Low,Midwest,Natural Gas,3.2722487480590474
2101.46151042565,9597.073775588357,TX,Moderate,South,Electricity,3.966367342108909
1242.127942501384,12432.424819479347,CA,Low,West,Electricity,5.447656366446205
2773.752600665031,12380.46616165664,IL,Low,Midwest,Heating Oil,3.7497600432552716
2897.9388365477607,4754.404080285458,TX,Low,South,Electricity,0.020814789873970604
1693.6056547578069,13913.020728634458,AZ,Low,West,Electricity,6.738389938798372
1806.149220032008,5012.524035892977,WA,High,West,Natural Gas,-4.8958165706135865
2142.9326953624523,13097.638613024972,FL,High,South,Natural Gas,2.7586869473757654
2167.2283949935127,13380.115410482753,MA,Moderate,Northeast,Heating Oil,7.2635819091875
2329.2721363364158,6727.100709354405,NY,High,Northeast,Natural Gas,-2.0833289230785548
3005.102269383174,8767.557136136245,AZ,Moderate,West,Natural Gas,3.9266384788202857
1911.5263862529755,6682.885994542193,NY,High,Northeast,Electricity,-2.312493516532711
1600.851377730773,9355.236909133791,IL,High,Midwest,Natural Gas,0.9005937174079642
1310.3403859927364,9075.897147442776,CA,High,West,Other,0.5673245640166523
1634.5349800290403,12338.98159680802,CA,Moderate,West,Electricity,5.556864653337723
1983.4365135631012,13930.926238358825,CA,High,West,Electricity,6.0284892899494125
2897.278931758894,14187.051432369868,MA,Low,Northeast,Heating Oil,7.840083542520708
1741.1943504819142,8313.495920265093,NY,High,Northeast,Natural Gas,-2.67991082277598
2111.893975819449,9372.334378766416,AZ,Low,West,Natural Gas,2.7700103386907733
1991.788551963624,4949.68542333715,CA,Moderate,West,Natural Gas,-2.753751572435099
2594.196636724042,7582.389800511433,AZ,Moderate,West,Natural Gas,0.4202271096165342
3263.4662129368107,12894.554899292372,NY,High,Northeast,Electricity,5.3456158744809725
1734.5656135398397,14846.748470644696,MA,Low,Northeast,Heating Oil,4.631212120497988
1755.280278740889,6296.953384360234,IL,High,Midwest,Natural Gas,-4.001569534014279
2522.080438534536,8222.607222541317,MA,Low,Northeast,Natural Gas,1.2304374915680472
2340.945744813156,9920.78272912322,AZ,Moderate,West,Other,3.7496095171362183
2923.3536628680167,10840.48347645882,MA,Low,Northeast,Natural Gas,4.165059232174862
2291.964092662982,7571.189440235062,MA,Low,Northeast,Natural Gas,3.2319779957415298
1820.3539546064703,11272.18313339227,IL,Moderate,Midwest,Natural Gas,3.2730069427855235
2295.327415346155,8578.481958787252,NY,Moderate,Northeast,Heating Oil,-1.0754057106051615
2554.3517902914537,9956.643187365162,NY,Low,Northeast,Electricity,3.2982148553749675
2410.241090598682,11638.8527440111,FL,Low,South,Electricity,5.85132878227114
2253.637015553649,10019.266809432813,MA,Moderate,Northeast,Heating Oil,0.5120611138326963
2533.337344794577,8690.842328420295,NY,High,Northeast,Natural Gas,-1.5825550531144863
2584.6477952228365,9671.170588222509,NY,High,Northeast,Natural Gas,1.272682869427434
2691.0794955187635,9734.911122383994,TX,Low,South,Heating Oil,4.435689878351948
2324.3549437948213,8889.966910353616,CA,Moderate,West,Natural Gas,3.506502821968463
1916.4409598415727,9223.611811998691,FL,Low,South,Electricity,4.0502759462122775
2073.356843216661,14795.941511514153,WA,Low,West,Heating Oil,8.316569583158923
2603.2544832541785,11682.758343823716,FL,High,South,Electricity,4.036880544257969
1591.5321645063818,9113.55904591252,FL,Moderate,South,Electricity,1.771988985617294
2184.3366544364508,12090.863213532208,WA,Low,West,Heating Oil,5.091990739047411
1803.33059383632,8998.54153073197,TX,Low,South,Heating Oil,2.131024543300645
2014.3724114674087,13519.373912759924,MA,Low,Northeast,Natural Gas,4.776346778301866
2639.2259313036493,11108.926576594282,IL,High,Midwest,Natural Gas,3.996899104977554
2095.5495340099515,9678.093567987313,NY,High,Northeast,Natural Gas,0.09668851173926941
2023.2182740780745,11343.150777430834,CA,Low,West,Electricity,6.025555076298722
1320.0719295100405,5287.371543794502,AZ,Low,West,Natural Gas,-2.8945606090133453
2373.1267830136103,6619.697593270585,MA,High,Northeast,Electricity,-3.853333307224389
2322.7420905705376,6418.224980802834,WA,High,West,Natural Gas,-3.5057406125482022
3081.62736165273,10428.82928429112,IL,Moderate,Midwest,Electricity,3.4680626202065827
1846.1108825235,15197.544998455276,MA,Low,Northeast,Natural Gas,5.825546756684926
2109.5751638319693,16693.900438577897,WA,Low,West,Electricity,8.903205957591451
2124.691841855378,11914.153304322272,NY,Moderate,Northeast,Electricity,1.475031799964527
2788.7266398817374,11502.533424833371,TX,Moderate,South,Natural Gas,4.959939282126975
1952.352233806524,4596.826797541783,MA,Low,Northeast,Natural Gas,-2.8275574865682938
2139.5107628851697,8371.978600797935,WA,Moderate,West,Electricity,0.2547906468461682
2303.9482548582696,7636.648744275283,NY,Low,Northeast,Natural Gas,-0.1473315113950437
2093.304561578179,8137.457205246652,NY,High,Northeast,Natural Gas,-2.693697980673943
1776.783192724736,9495.56854424563,TX,Low,South,Other,2.0217313781690915
2097.0449964491536,8583.728266908618,FL,Low,South,Electricity,2.4045500138656117
2536.815874929886,4062.100568872637,MA,Moderate,Northeast,Other,-3.2197491896223007
1486.7423502944698,12243.7307683526,MA,Moderate,Northeast,Natural Gas,3.145461160285865
2066.484837073438,6781.770922780581,FL,High,South,Natural Gas,-1.5817911385545125
1649.9395925304134,10717.740592333448,CA,Moderate,West,Heating Oil,1.8641273514094916
2597.523314462421,16222.24800924992,CA,Low,West,Electricity,11.685138276041096
1238.4065476081128,7241.84622524073,FL,High,South,Electricity,-3.104875650168894
1720.5390763642058,3000.0,IL,Low,Midwest,Natural Gas,-6.07717448613279
2188.60593753226,9141.987334359668,AZ,High,West,Natural Gas,2.8444752998612266
2782.7620146171703,13302.878904995712,NY,Moderate,Northeast,Natural Gas,6.695518362795822
1967.124869463506,15875.04236266178,AZ,Moderate,West,Natural Gas,8.967266413840248
1722.4002366534007,6311.35121664275,NY,Low,Northeast,Natural Gas,-3.515767311163173
2940.578534720295,11490.097669709565,FL,Moderate,South,Natural Gas,6.582651306620814
1275.993049791878,8604.06862965984,CA,High,West,Other,0.21871202003112233
900.5970216899591,9682.154937087593,IL,High,Midwest,Natural Gas,-2.892284685298025
2220.007225026666,17933.030041051104,CA,Low,West,Electricity,13.724158581091157
1748.9728878236945,5491.08901481454,AZ,Low,West,Heating Oil,0.28178007998013554
1489.3835914346434,10761.21898448372,CA,High,West,Electricity,3.40371899949648
2354.1782236496765,11403.0795152963,FL,High,South,Natural Gas,4.416679089127007
2121.9003568856,13257.358974818042,IL,Low,Midwest,Electricity,6.0885513883952544
1717.9606846316358,10293.949460412688,AZ,Moderate,West,Electricity,4.144058118007048
1359.8478006645528,10924.151618512307,IL,Moderate,Midwest,Electricity,1.0912411569103886
2436.2286641400724,8825.054297734627,MA,High,Northeast,Electricity,-0.8037224817754413
2325.1005889793305,10807.380823735322,NY,Low,Northeast,Other,3.0090391651661226
1950.4120681103088,8970.423173507768,CA,Low,West,Electricity,3.1098022635021256
2923.318498023833,11864.715669568151,IL,High,Midwest,Natural Gas,2.420791243669598
1464.9576168369238,8891.168991869097,TX,Low,South,Electricity,1.6778253101787521
1237.237414537631,11131.30118170656,MA,Moderate,Northeast,Natural Gas,1.7023231290120755
1654.0459650593775,9912.211558945064,CA,Moderate,West,Heating Oil,0.029049637898538504
1977.206991822251,13378.150752316506,NY,Moderate,Northeast,Natural Gas,5.867046837755523
2121.6697246613458,9845.818829234542,IL,Moderate,Midwest,Natural Gas,2.211532497260393
1879.381971071835,4680.902595379355,AZ,Moderate,West,Heating Oil,-3.020098078307452
2176.0276982571486,13785.764502141974,NY,Low,Northeast,Electricity,6.681210726528083
1374.230287904778,7282.803097412143,TX,Moderate,South,Natural Gas,-0.9655885998719753
2721.88230203663,8038.70098405354,IL,High,Midwest,Natural Gas,0.712455956565483
1958.9244108037155,8213.016117869523,WA,High,West,Heating Oil,-0.8864519177531047
2558.647915794064,14123.314279512451,WA,Low,West,Natural Gas,5.840539387917571
2171.362673188852,3592.977358063914,FL,Low,South,Heating Oil,-1.4770348820942056
2228.376609576892,19413.24560097998,CA,Low,West,Natural Gas,13.664370966490518
2284.883640116102,13168.170427198154,AZ,Moderate,West,Electricity,6.820770277948459
2223.854280008657,10669.71674238748,FL,Moderate,South,Heating Oil,3.38925340143498
2321.361379933772,9835.31799815114,IL,High,Midwest,Natural Gas,2.2261778271395194
2664.5762650662155,10856.66222457297,WA,Low,West,Natural Gas,5.225876574607977
2098.260584850735,11563.367285138014,WA,Low,West,Natural Gas,3.0201172908665175
2354.5018787942563,11935.64675785017,WA,Moderate,West,Electricity,2.3100399085284504
1955.1321528563867,11666.813398010345,IL,High,Midwest,Electricity,1.1914050727452703
2720.058607724736,10268.742043765746,WA,Low,West,Electricity,4.143361905306524
1661.8038489703652,9407.98473907802,NY,Moderate,Northeast,Natural Gas,-0.028201719035025205
2900.470216455408,9546.180149039465,MA,Low,Northeast,Natural Gas,4.600253406718523
1979.921024677828,9415.275158941957,IL,High,Midwest,Natural Gas,0.16503693047846543
1284.6124489409758,13401.310290601194,AZ,High,West,Natural Gas,4.940104214236053
2064.052207455394,11780.670166842585,MA,Low,Northeast,Electricity,4.235629982363811
1659.4741712625596,3000.0,FL,Low,South,Heating Oil,-5.070350387685871
2420.321774494362,11967.702329589283,AZ,Moderate,West,Electricity,5.612647347431107
1673.6880103488045,10584.208584156324,MA,Low,Northeast,Natural Gas,2.991674344762598
1776.9082833926102,9943.873730662308,TX,High,South,Other,1.4461673689228824
1055.2296345272343,8834.444640733342,WA,High,West,Electricity,-2.5520057215884435
1773.8468403754616,13372.33815995804,TX,High,South,Heating Oil,4.60128352546283
788.0603366855216,12842.579386368574,CA,High,West,Electricity,1.3888882111977727
1208.0485882571384,7681.366996529173,CA,Moderate,West,Natural Gas,-1.0258798910026614
2380.207328072149,11221.156861373604,MA,Low,Northeast,Natural Gas,4.290618960550557
2392.9000793254163,7085.029796376142,TX,High,South,Electricity,-0.7848577644344689
2212.7287808924825,5861.145505633209,IL,Moderate,Midwest,Natural Gas,-2.949108177438495
1516.5119284353934,8119.848326230104,AZ,High,West,Natural Gas,-1.7865910588850917
1976.1443219290104,12587.180417148276,TX,Low,South,Electricity,7.658713978570394
1998.198730454716,12859.37513612826,CA,Low,West,Electricity,6.561316839449658
1420.8176554037286,11539.25626029188,TX,High,South,Electricity,3.8336471162255203
2751.6991508835754,12175.28736054399,IL,Low,Midwest,Natural Gas,7.207433512852051
2438.6811452878355,11548.534861344877,TX,High,South,Natural Gas,4.3448511871988025
1889.517913085168,8075.555214331143,AZ,High,West,Electricity,-1.1538576920458703
2013.4429194972652,11295.767634021822,FL,High,South,Other,1.2367555952830163
2104.191403973776,12401.228575683046,IL,Moderate,Midwest,Electricity,2.137574310603807
979.1325657878548,12262.873989440724,CA,Moderate,West,Heating Oil,1.8473042961177721
1876.4113087397016,13566.740114423928,AZ,High,West,Electricity,6.698032359364837
1659.0078760011006,12124.911541603193,TX,Low,South,Electricity,5.558751880832341
1499.189995052542,11054.344622624749,TX,Moderate,South,Natural Gas,3.4423291368218214
1859.4498535570224,13210.450714949282,FL,Moderate,South,Electricity,3.708929413128202
2898.843263424761,9920.43622225282,CA,Moderate,West,Electricity,3.520156319885081
2320.4214306335048,7354.376046316846,CA,Moderate,West,Electricity,1.8822986840301432
1714.4105051086017,9510.799108168709,NY,Moderate,Northeast,Natural Gas,0.22639423076849824
2286.291390678079,7765.292065580653,CA,Moderate,West,Electricity,1.1906695682512138
